country,iso3,year,m,f
Algeria,DZA,1990,197.7,164.8
Algeria,DZA,1991,193.2,160.8
Algeria,DZA,1992,188.8,156.9
Algeria,DZA,1993,184.6,153.1
Algeria,DZA,1994,180.4,149.3
Algeria,DZA,1995,176.3,145.7
Algeria,DZA,1996,172.3,142.1
Algeria,DZA,1997,168.4,138.7
Algeria,DZA,1998,164.6,135.3
Algeria,DZA,1999,160.8,132
Algeria,DZA,2000,157,128.7
Algeria,DZA,2001,155,127.4
Algeria,DZA,2002,152.9,126
Algeria,DZA,2003,150.7,124.7
Algeria,DZA,2004,148.6,123.3
Algeria,DZA,2005,146.3,122
Algeria,DZA,2006,144.1,120.6
Algeria,DZA,2007,142,119.3
Algeria,DZA,2008,139.8,117.9
Angola,AGO,1990,508.5,374.4
Angola,AGO,1991,507.8,374.1
Angola,AGO,1992,506.1,373.6
Angola,AGO,1993,501.2,372.1
Angola,AGO,1994,496.3,370.5
Angola,AGO,1995,491.5,369.1
Angola,AGO,1996,486.7,367.6
Angola,AGO,1997,481.9,366.1
Angola,AGO,1998,477.3,364.6
Angola,AGO,1999,472.6,363.1
Angola,AGO,2000,468,361.7
Angola,AGO,2001,463.5,360.2
Angola,AGO,2002,459.2,358.9
Angola,AGO,2003,454.8,357.5
Angola,AGO,2004,450.8,356.2
Angola,AGO,2005,447.1,355.1
Angola,AGO,2006,443.8,354
Angola,AGO,2007,439.7,352.7
Angola,AGO,2008,435.7,351.5
Bangladesh,BGD,1990,305.5,332.6
Bangladesh,BGD,1991,299.5,324.2
Bangladesh,BGD,1992,293.6,316.1
Bangladesh,BGD,1993,287.9,308.1
Bangladesh,BGD,1994,282.3,300.4
Bangladesh,BGD,1995,276.7,292.8
Bangladesh,BGD,1996,271.3,285.5
Bangladesh,BGD,1997,266,278.3
Bangladesh,BGD,1998,260.8,271.3
Bangladesh,BGD,1999,255.7,264.5
Bangladesh,BGD,2000,250.7,257.8
Bangladesh,BGD,2001,249.4,256.9
Bangladesh,BGD,2002,241.7,276
Bangladesh,BGD,2003,240.3,276
Bangladesh,BGD,2004,245.4,272.8
Bangladesh,BGD,2005,247.4,252.3
Bangladesh,BGD,2006,251.8,245.3
Bangladesh,BGD,2007,247,237.9
Bangladesh,BGD,2008,246.3,229.8
Benin,BEN,1990,376.4,339.2
Benin,BEN,1991,369.6,336.8
Benin,BEN,1992,363,334.5
Benin,BEN,1993,356.6,332.2
Benin,BEN,1994,350.4,329.9
Benin,BEN,1995,344.2,327.8
Benin,BEN,1996,339.1,325.9
Benin,BEN,1997,334.2,321.6
Benin,BEN,1998,329.7,315
Benin,BEN,1999,325.3,308.8
Benin,BEN,2000,321.1,302.7
Benin,BEN,2001,317.2,296.9
Benin,BEN,2002,313.4,291.5
Benin,BEN,2003,309.7,286.1
Benin,BEN,2004,306.4,281.3
Benin,BEN,2005,303.2,276.7
Benin,BEN,2006,300.5,273
Benin,BEN,2007,297.3,268.4
Benin,BEN,2008,294.2,263.9
Bolivia (Plurinational State of),BOL,1990,296.3,270.9
Bolivia (Plurinational State of),BOL,1991,290.8,262.7
Bolivia (Plurinational State of),BOL,1992,286.3,256
Bolivia (Plurinational State of),BOL,1993,283.9,252.5
Bolivia (Plurinational State of),BOL,1994,281.7,249.1
Bolivia (Plurinational State of),BOL,1995,279.4,245.8
Bolivia (Plurinational State of),BOL,1996,277.3,242.7
Bolivia (Plurinational State of),BOL,1997,273.8,237.5
Bolivia (Plurinational State of),BOL,1998,267.6,228.2
Bolivia (Plurinational State of),BOL,1999,261.8,219.6
Bolivia (Plurinational State of),BOL,2000,256.4,211.5
Bolivia (Plurinational State of),BOL,2001,251.4,203.9
Bolivia (Plurinational State of),BOL,2002,246.8,196.8
Bolivia (Plurinational State of),BOL,2003,242.4,190.1
Bolivia (Plurinational State of),BOL,2004,238.4,183.9
Bolivia (Plurinational State of),BOL,2005,234.6,178
Bolivia (Plurinational State of),BOL,2006,231.1,172.4
Bolivia (Plurinational State of),BOL,2007,227.7,167.1
Bolivia (Plurinational State of),BOL,2008,224.6,161.9
Botswana,BWA,1990,214.7,141.9
Botswana,BWA,1991,213.3,139.2
Botswana,BWA,1992,211.1,134.8
Botswana,BWA,1993,208,128.9
Botswana,BWA,1994,204.4,121.4
Botswana,BWA,1995,202.6,117.2
Botswana,BWA,1996,201.3,114.3
Botswana,BWA,1997,201.7,114.1
Botswana,BWA,1998,203.3,116.8
Botswana,BWA,1999,205.6,120.9
Botswana,BWA,2000,205.7,120.8
Botswana,BWA,2001,205.5,120.5
Botswana,BWA,2002,205.2,119.8
Botswana,BWA,2003,204.6,118.9
Botswana,BWA,2004,203.5,121.8
Botswana,BWA,2005,203.5,122.2
Botswana,BWA,2006,203.6,122.7
Botswana,BWA,2007,203.6,122.7
Botswana,BWA,2008,203.6,122.9
Burkina Faso,BFA,1990,391.8,348.3
Burkina Faso,BFA,1991,392.1,348.4
Burkina Faso,BFA,1992,392.4,348.5
Burkina Faso,BFA,1993,392.7,348.6
Burkina Faso,BFA,1994,393.1,348.8
Burkina Faso,BFA,1995,391,348
Burkina Faso,BFA,1996,387.2,346.5
Burkina Faso,BFA,1997,383.4,345.1
Burkina Faso,BFA,1998,379.8,343.8
Burkina Faso,BFA,1999,376.2,342.4
Burkina Faso,BFA,2000,372.7,341.1
Burkina Faso,BFA,2001,369.4,339.9
Burkina Faso,BFA,2002,366.4,338.7
Burkina Faso,BFA,2003,363.9,337.8
Burkina Faso,BFA,2004,361.2,336.8
Burkina Faso,BFA,2005,358.6,335.8
Burkina Faso,BFA,2006,355.9,334.8
Burkina Faso,BFA,2007,352.8,333.6
Burkina Faso,BFA,2008,350.1,332.6
Burundi,BDI,1990,391.7,336
Burundi,BDI,1991,388.7,335
Burundi,BDI,1992,384.1,333.4
Burundi,BDI,1993,379.4,331.8
Burundi,BDI,1994,376.1,330.7
Burundi,BDI,1995,373.8,330
Burundi,BDI,1996,372.1,329.4
Burundi,BDI,1997,370.6,329
Burundi,BDI,1998,369.2,328.6
Burundi,BDI,1999,368,328.2
Burundi,BDI,2000,366.7,327.9
Burundi,BDI,2001,365.8,327.6
Burundi,BDI,2002,364.6,327.3
Burundi,BDI,2003,363.4,327
Burundi,BDI,2004,362.8,326.8
Burundi,BDI,2005,362.7,326.9
Burundi,BDI,2006,360.6,326.2
Burundi,BDI,2007,359.8,326
Burundi,BDI,2008,358.9,325.8
Cambodia,KHM,1990,298.5,247.2
Cambodia,KHM,1991,298,246.5
Cambodia,KHM,1992,298.8,247.5
Cambodia,KHM,1993,300.5,249.5
Cambodia,KHM,1994,302.2,251.6
Cambodia,KHM,1995,299.8,248.6
Cambodia,KHM,1996,296.6,244.6
Cambodia,KHM,1997,293.4,240.6
Cambodia,KHM,1998,290.4,236.8
Cambodia,KHM,1999,287.4,233.1
Cambodia,KHM,2000,284.7,229.6
Cambodia,KHM,2001,282,226.3
Cambodia,KHM,2002,279.4,223.1
Cambodia,KHM,2003,277,220
Cambodia,KHM,2004,275.1,217.9
Cambodia,KHM,2005,273.1,215.5
Cambodia,KHM,2006,270.8,212.6
Cambodia,KHM,2007,268.6,209.7
Cambodia,KHM,2008,266.3,206.8
Cameroon,CMR,1990,331.8,307.3
Cameroon,CMR,1991,329.7,304.4
Cameroon,CMR,1992,328.2,302.1
Cameroon,CMR,1993,327.1,300.4
Cameroon,CMR,1994,326.1,298.8
Cameroon,CMR,1995,325.1,297.1
Cameroon,CMR,1996,324,295.3
Cameroon,CMR,1997,322.5,293.1
Cameroon,CMR,1998,320.8,290.6
Cameroon,CMR,1999,319,288
Cameroon,CMR,2000,317.4,285.9
Cameroon,CMR,2001,315.7,283.8
Cameroon,CMR,2002,314.3,281.9
Cameroon,CMR,2003,312.6,279.5
Cameroon,CMR,2004,311.1,277.6
Cameroon,CMR,2005,309.5,275.6
Cameroon,CMR,2006,307.8,273.6
Cameroon,CMR,2007,306.2,271.6
Cameroon,CMR,2008,304.4,269.1
Central African Republic,CAF,1990,357.6,337.3
Central African Republic,CAF,1991,356.6,336.9
Central African Republic,CAF,1992,355.6,336.6
Central African Republic,CAF,1993,354.6,336.2
Central African Republic,CAF,1994,353.9,336
Central African Republic,CAF,1995,353.2,335.7
Central African Republic,CAF,1996,352.6,335.5
Central African Republic,CAF,1997,351.8,335.2
Central African Republic,CAF,1998,351.3,335
Central African Republic,CAF,1999,350.7,334.7
Central African Republic,CAF,2000,350,334.5
Central African Republic,CAF,2001,349.1,334.1
Central African Republic,CAF,2002,348.2,333.8
Central African Republic,CAF,2003,347.1,333.4
Central African Republic,CAF,2004,346.1,333
Central African Republic,CAF,2005,344.9,332.5
Central African Republic,CAF,2006,344,332.2
Central African Republic,CAF,2007,343,331.8
Central African Republic,CAF,2008,341.5,331.2
Chad,TCD,1990,398.3,347.6
Chad,TCD,1991,397.8,347.5
Chad,TCD,1992,397.5,347.3
Chad,TCD,1993,396.9,347.1
Chad,TCD,1994,396.2,346.9
Chad,TCD,1995,396,346.8
Chad,TCD,1996,396.3,346.9
Chad,TCD,1997,396.5,346.9
Chad,TCD,1998,396.9,347.1
Chad,TCD,1999,397.3,347.2
Chad,TCD,2000,397.8,347.4
Chad,TCD,2001,398.4,347.6
Chad,TCD,2002,399.3,347.9
Chad,TCD,2003,400.1,348.2
Chad,TCD,2004,401.2,348.6
Chad,TCD,2005,402.5,349.1
Chad,TCD,2006,402.8,349.2
Chad,TCD,2007,402.9,349.2
Chad,TCD,2008,403.4,349.4
China,CHN,1990,192.7,148.1
China,CHN,1991,189.2,143.3
China,CHN,1992,185.7,138.6
China,CHN,1993,182.3,134
China,CHN,1994,178.9,129.7
China,CHN,1995,175.6,125.4
China,CHN,1996,172.3,121.3
China,CHN,1997,169,117.3
China,CHN,1998,165.8,113.4
China,CHN,1999,162.6,109.6
China,CHN,2000,159.5,106
China,CHN,2001,156.3,102.5
China,CHN,2002,153.3,99
China,CHN,2003,150.1,95.7
China,CHN,2004,147.1,92.4
China,CHN,2005,144.2,89.3
China,CHN,2006,141.3,86.3
China,CHN,2007,138.4,83.3
China,CHN,2008,135.7,80.5
Comoros,COM,1990,312.6,265.2
Comoros,COM,1991,309.7,261.6
Comoros,COM,1992,308,259.6
Comoros,COM,1993,306.4,257.6
Comoros,COM,1994,304.8,255.5
Comoros,COM,1995,303.3,253.7
Comoros,COM,1996,301.6,251.7
Comoros,COM,1997,300.2,249.8
Comoros,COM,1998,298.7,248
Comoros,COM,1999,297.2,246.1
Comoros,COM,2000,295.7,244.3
Comoros,COM,2001,294.3,242.5
Comoros,COM,2002,292.9,240.8
Comoros,COM,2003,291.5,239
Comoros,COM,2004,290.1,237.3
Comoros,COM,2005,288.7,235.5
Comoros,COM,2006,287.3,233.8
Comoros,COM,2007,286,232.2
Comoros,COM,2008,284.7,230.5
Congo,COG,1990,270.2,221.8
Congo,COG,1991,270.1,221.5
Congo,COG,1992,270.5,221.9
Congo,COG,1993,271.4,223.1
Congo,COG,1994,272.7,224.9
Congo,COG,1995,274.3,227
Congo,COG,1996,276,229.5
Congo,COG,1997,277.7,231.9
Congo,COG,1998,279.6,234.5
Congo,COG,1999,281.3,237
Congo,COG,2000,283.2,239.6
Congo,COG,2001,285.2,242.4
Congo,COG,2002,287.2,245.3
Congo,COG,2003,289.2,248.1
Congo,COG,2004,291.3,251.1
Congo,COG,2005,293.5,254.2
Congo,COG,2006,296.2,258
Congo,COG,2007,298.3,261
Congo,COG,2008,299.7,262.8
Côte d'Ivoire,CIV,1990,331.7,306.3
Côte d'Ivoire,CIV,1991,329.4,302.9
Côte d'Ivoire,CIV,1992,326.7,299
Côte d'Ivoire,CIV,1993,324.1,295.2
Côte d'Ivoire,CIV,1994,321.3,291.1
Côte d'Ivoire,CIV,1995,318.6,287.1
Côte d'Ivoire,CIV,1996,315.8,283.1
Côte d'Ivoire,CIV,1997,313,279
Côte d'Ivoire,CIV,1998,310.1,275
Côte d'Ivoire,CIV,1999,307.1,271
Côte d'Ivoire,CIV,2000,304.3,267.2
Côte d'Ivoire,CIV,2001,301.6,263.6
Côte d'Ivoire,CIV,2002,299.1,260.4
Côte d'Ivoire,CIV,2003,296.6,257.2
Côte d'Ivoire,CIV,2004,294.1,254
Côte d'Ivoire,CIV,2005,291.7,250.8
Côte d'Ivoire,CIV,2006,289.1,247.4
Côte d'Ivoire,CIV,2007,286.7,244.4
Côte d'Ivoire,CIV,2008,286.1,243.8
Democratic People's Republic of Korea,PRK,1990,226.7,161
Democratic People's Republic of Korea,PRK,1991,226.7,161
Democratic People's Republic of Korea,PRK,1992,226.7,161
Democratic People's Republic of Korea,PRK,1993,226.7,161
Democratic People's Republic of Korea,PRK,1994,226.7,161
Democratic People's Republic of Korea,PRK,1995,226.7,161
Democratic People's Republic of Korea,PRK,1996,226.7,161
Democratic People's Republic of Korea,PRK,1997,226.7,161
Democratic People's Republic of Korea,PRK,1998,226.7,161
Democratic People's Republic of Korea,PRK,1999,226.7,161
Democratic People's Republic of Korea,PRK,2000,226.7,161
Democratic People's Republic of Korea,PRK,2001,226.7,161
Democratic People's Republic of Korea,PRK,2002,226.7,161
Democratic People's Republic of Korea,PRK,2003,226.7,161
Democratic People's Republic of Korea,PRK,2004,226.7,161
Democratic People's Republic of Korea,PRK,2005,226.7,161
Democratic People's Republic of Korea,PRK,2006,226.7,161
Democratic People's Republic of Korea,PRK,2007,226.7,161
Democratic People's Republic of Korea,PRK,2008,226.7,161
Democratic Republic of the Congo,COD,1990,403.1,341.9
Democratic Republic of the Congo,COD,1991,403.1,341.9
Democratic Republic of the Congo,COD,1992,403.1,341.9
Democratic Republic of the Congo,COD,1993,403.2,341.9
Democratic Republic of the Congo,COD,1994,403.2,341.9
Democratic Republic of the Congo,COD,1995,403.2,342
Democratic Republic of the Congo,COD,1996,403.2,342
Democratic Republic of the Congo,COD,1997,403.2,342
Democratic Republic of the Congo,COD,1998,403.2,341.9
Democratic Republic of the Congo,COD,1999,403.2,341.9
Democratic Republic of the Congo,COD,2000,403.1,341.9
Democratic Republic of the Congo,COD,2001,403.1,341.9
Democratic Republic of the Congo,COD,2002,403.1,341.9
Democratic Republic of the Congo,COD,2003,403.1,341.9
Democratic Republic of the Congo,COD,2004,403.1,341.9
Democratic Republic of the Congo,COD,2005,403.1,341.9
Democratic Republic of the Congo,COD,2006,403.3,342
Democratic Republic of the Congo,COD,2007,403.5,342
Democratic Republic of the Congo,COD,2008,403.2,342
Djibouti,DJI,1990,310.9,249.7
Djibouti,DJI,1991,308.4,246.8
Djibouti,DJI,1992,305.8,243.8
Djibouti,DJI,1993,303.2,240.7
Djibouti,DJI,1994,300.4,237.3
Djibouti,DJI,1995,297.6,233.8
Djibouti,DJI,1996,294.6,230
Djibouti,DJI,1997,291.6,226.4
Djibouti,DJI,1998,288.8,222.8
Djibouti,DJI,1999,286.1,219.5
Djibouti,DJI,2000,283.8,216.6
Djibouti,DJI,2001,281.6,214
Djibouti,DJI,2002,279.6,211.7
Djibouti,DJI,2003,277.8,209.5
Djibouti,DJI,2004,276.3,207.8
Djibouti,DJI,2005,274.8,206.2
Djibouti,DJI,2006,273.9,205.5
Djibouti,DJI,2007,272.6,204
Djibouti,DJI,2008,270.3,201.1
Equatorial Guinea,GNQ,1990,397.2,344.3
Equatorial Guinea,GNQ,1991,392,342.5
Equatorial Guinea,GNQ,1992,386.7,341
Equatorial Guinea,GNQ,1993,381.5,339.3
Equatorial Guinea,GNQ,1994,376.3,337.7
Equatorial Guinea,GNQ,1995,371.6,335.9
Equatorial Guinea,GNQ,1996,367.1,334.3
Equatorial Guinea,GNQ,1997,362.4,332.7
Equatorial Guinea,GNQ,1998,358,331.2
Equatorial Guinea,GNQ,1999,353.6,329.8
Equatorial Guinea,GNQ,2000,349.7,328.4
Equatorial Guinea,GNQ,2001,345.9,327
Equatorial Guinea,GNQ,2002,342.4,325.8
Equatorial Guinea,GNQ,2003,338.7,323.2
Equatorial Guinea,GNQ,2004,335.5,318.8
Equatorial Guinea,GNQ,2005,332.3,314.3
Equatorial Guinea,GNQ,2006,329.5,310.5
Equatorial Guinea,GNQ,2007,327,307
Equatorial Guinea,GNQ,2008,324.6,303.6
Eritrea,ERI,1990,341.5,300.4
Eritrea,ERI,1991,331,287.5
Eritrea,ERI,1992,321.3,275.5
Eritrea,ERI,1993,312.1,264
Eritrea,ERI,1994,303.3,253
Eritrea,ERI,1995,295.1,242.8
Eritrea,ERI,1996,287.6,233.3
Eritrea,ERI,1997,280.6,224.4
Eritrea,ERI,1998,274.1,216.2
Eritrea,ERI,1999,268.1,208.6
Eritrea,ERI,2000,262.6,201.5
Eritrea,ERI,2001,257.6,195
Eritrea,ERI,2002,252.8,188.8
Eritrea,ERI,2003,248.3,183
Eritrea,ERI,2004,244.2,177.5
Eritrea,ERI,2005,240.4,172.5
Eritrea,ERI,2006,236.7,167.4
Eritrea,ERI,2007,233.2,162.5
Eritrea,ERI,2008,229.9,157.9
Ethiopia,ETH,1990,426.1,345.9
Ethiopia,ETH,1991,424.7,345.4
Ethiopia,ETH,1992,412.5,341.7
Ethiopia,ETH,1993,399.7,337.7
Ethiopia,ETH,1994,387.7,334
Ethiopia,ETH,1995,376.7,330.6
Ethiopia,ETH,1996,366.4,327.4
Ethiopia,ETH,1997,357,323.1
Ethiopia,ETH,1998,348.1,312
Ethiopia,ETH,1999,339.9,301.8
Ethiopia,ETH,2000,332.2,292
Ethiopia,ETH,2001,324.9,283
Ethiopia,ETH,2002,318.1,274.4
Ethiopia,ETH,2003,311.5,266.1
Ethiopia,ETH,2004,305.5,258.6
Ethiopia,ETH,2005,299.8,251.4
Ethiopia,ETH,2006,294.6,244.9
Ethiopia,ETH,2007,289.4,238.4
Ethiopia,ETH,2008,284.7,232.5
Fiji,FJI,1990,326.4,213
Fiji,FJI,1991,322.8,209.8
Fiji,FJI,1992,319.3,206.7
Fiji,FJI,1993,315.8,203.6
Fiji,FJI,1994,312.4,200.6
Fiji,FJI,1995,309,197.6
Fiji,FJI,1996,305.6,194.7
Fiji,FJI,1997,302.2,191.8
Fiji,FJI,1998,299,188.9
Fiji,FJI,1999,295.7,186.1
Fiji,FJI,2000,292.5,183.4
Fiji,FJI,2001,286.1,179.7
Fiji,FJI,2002,280.2,176.1
Fiji,FJI,2003,274.6,172.6
Fiji,FJI,2004,268.7,169.1
Fiji,FJI,2005,262.9,165.3
Fiji,FJI,2006,257.4,161.7
Fiji,FJI,2007,252.5,158.7
Fiji,FJI,2008,246.7,155.1
Gabon,GAB,1990,271.9,203.4
Gabon,GAB,1991,271,202.2
Gabon,GAB,1992,269.6,200.5
Gabon,GAB,1993,268.3,198.8
Gabon,GAB,1994,267.1,197
Gabon,GAB,1995,265.8,195.3
Gabon,GAB,1996,264.3,193.3
Gabon,GAB,1997,263,191.4
Gabon,GAB,1998,261.6,189.3
Gabon,GAB,1999,260.2,187.3
Gabon,GAB,2000,259,185.5
Gabon,GAB,2001,257.8,183.8
Gabon,GAB,2002,256.5,182.1
Gabon,GAB,2003,255.2,180.6
Gabon,GAB,2004,253.9,179.2
Gabon,GAB,2005,252.6,177.8
Gabon,GAB,2006,251.2,176.6
Gabon,GAB,2007,250,175.2
Gabon,GAB,2008,248.2,172.9
Gambia,GMB,1990,343.4,310.8
Gambia,GMB,1991,342.3,309.4
Gambia,GMB,1992,341.2,308
Gambia,GMB,1993,340.1,306.5
Gambia,GMB,1994,338.8,305
Gambia,GMB,1995,337.8,303.5
Gambia,GMB,1996,333.8,298.5
Gambia,GMB,1997,328.5,291.5
Gambia,GMB,1998,323.3,284.8
Gambia,GMB,1999,318.3,278.4
Gambia,GMB,2000,313.6,272.3
Gambia,GMB,2001,308.9,266.3
Gambia,GMB,2002,304.7,260.7
Gambia,GMB,2003,300.5,255.5
Gambia,GMB,2004,296.6,250.4
Gambia,GMB,2005,292.9,245.6
Gambia,GMB,2006,290,242
Gambia,GMB,2007,286,236.7
Gambia,GMB,2008,282.3,231.9
Ghana,GHA,1990,297.3,255.1
Ghana,GHA,1991,292.8,249.1
Ghana,GHA,1992,291.4,247.1
Ghana,GHA,1993,289.7,244.8
Ghana,GHA,1994,287.7,242
Ghana,GHA,1995,285.7,239.2
Ghana,GHA,1996,285.6,238.9
Ghana,GHA,1997,286,239.2
Ghana,GHA,1998,286.6,240
Ghana,GHA,1999,287.3,241
Ghana,GHA,2000,284.6,237.4
Ghana,GHA,2001,278.8,229.6
Ghana,GHA,2002,273.3,222.3
Ghana,GHA,2003,268.2,215.4
Ghana,GHA,2004,263.4,208.9
Ghana,GHA,2005,258.9,203
Ghana,GHA,2006,254.8,197.3
Ghana,GHA,2007,251.1,192.3
Ghana,GHA,2008,247.7,187.8
Guinea,GIN,1990,460.3,357.6
Guinea,GIN,1991,451.8,355
Guinea,GIN,1992,443.6,352.5
Guinea,GIN,1993,436.6,350.4
Guinea,GIN,1994,430.4,348.5
Guinea,GIN,1995,424.5,346.6
Guinea,GIN,1996,418.8,344.8
Guinea,GIN,1997,413.1,343.1
Guinea,GIN,1998,404.1,340.3
Guinea,GIN,1999,394.9,337.4
Guinea,GIN,2000,386.3,334.7
Guinea,GIN,2001,378.1,332.1
Guinea,GIN,2002,370.2,329.7
Guinea,GIN,2003,362.7,327.3
Guinea,GIN,2004,355.6,325.1
Guinea,GIN,2005,349,316.9
Guinea,GIN,2006,343.7,310.5
Guinea,GIN,2007,336.5,301
Guinea,GIN,2008,330.6,293.5
Guinea-Bissau,GNB,1990,488.9,358.2
Guinea-Bissau,GNB,1991,486.1,357.5
Guinea-Bissau,GNB,1992,483.3,356.7
Guinea-Bissau,GNB,1993,480.5,355.9
Guinea-Bissau,GNB,1994,477.6,355.1
Guinea-Bissau,GNB,1995,474.8,354.3
Guinea-Bissau,GNB,1996,469.4,352.7
Guinea-Bissau,GNB,1997,463.3,351
Guinea-Bissau,GNB,1998,457.1,349.3
Guinea-Bissau,GNB,1999,451.1,347.6
Guinea-Bissau,GNB,2000,445.3,345.9
Guinea-Bissau,GNB,2001,439.8,344.3
Guinea-Bissau,GNB,2002,434.5,342.8
Guinea-Bissau,GNB,2003,429.5,341.4
Guinea-Bissau,GNB,2004,424.8,340.1
Guinea-Bissau,GNB,2005,420.2,338.8
Guinea-Bissau,GNB,2006,416.1,337.7
Guinea-Bissau,GNB,2007,411.9,336.6
Guinea-Bissau,GNB,2008,407.8,335.4
Haiti,HTI,1990,334.1,314.9
Haiti,HTI,1991,333.1,313.6
Haiti,HTI,1992,332.1,312.1
Haiti,HTI,1993,331.2,310.8
Haiti,HTI,1994,329.4,308.3
Haiti,HTI,1995,319.8,294.9
Haiti,HTI,1996,310.9,282.4
Haiti,HTI,1997,302.6,270.8
Haiti,HTI,1998,295,260
Haiti,HTI,1999,287.7,249.9
Haiti,HTI,2000,281,240.4
Haiti,HTI,2001,274.8,231.7
Haiti,HTI,2002,268.9,223.3
Haiti,HTI,2003,263.3,215.4
Haiti,HTI,2004,258.1,207.9
Haiti,HTI,2005,253.6,201.4
Haiti,HTI,2006,249.5,195.6
Haiti,HTI,2007,244.9,188.9
Haiti,HTI,2008,240.6,182.4
Honduras,HND,1990,226.4,158.6
Honduras,HND,1991,223.3,153.9
Honduras,HND,1992,220.5,149.6
Honduras,HND,1993,217.9,145.5
Honduras,HND,1994,217,144.1
Honduras,HND,1995,216.3,142.9
Honduras,HND,1996,215.6,141.7
Honduras,HND,1997,214.8,140.5
Honduras,HND,1998,214.1,139.3
Honduras,HND,1999,212.8,137.1
Honduras,HND,2000,211.6,135.1
Honduras,HND,2001,210.9,134.1
Honduras,HND,2002,209.6,131.9
Honduras,HND,2003,208.5,129.9
Honduras,HND,2004,207.3,127.9
Honduras,HND,2005,206.3,126.1
Honduras,HND,2006,205.4,124.6
Honduras,HND,2007,204.3,122.4
Honduras,HND,2008,203.3,120.6
Indonesia,IDN,1990,284.9,265.5
Indonesia,IDN,1991,280.7,260.2
Indonesia,IDN,1992,276.6,254.9
Indonesia,IDN,1993,272.5,249.8
Indonesia,IDN,1994,268.4,244.7
Indonesia,IDN,1995,264.5,239.8
Indonesia,IDN,1996,260.6,235
Indonesia,IDN,1997,256.7,230.2
Indonesia,IDN,1998,252.9,225.6
Indonesia,IDN,1999,249.2,221.1
Indonesia,IDN,2000,245.5,216.6
Indonesia,IDN,2001,243,212.3
Indonesia,IDN,2002,240.4,208.1
Indonesia,IDN,2003,237.7,203.9
Indonesia,IDN,2004,234.9,199.8
Indonesia,IDN,2005,231.8,195.8
Indonesia,IDN,2006,228.7,191.8
Indonesia,IDN,2007,225.3,187.8
Indonesia,IDN,2008,222.1,183.9
Iran (Islamic Republic of),IRN,1990,290.7,207.9
Iran (Islamic Republic of),IRN,1991,284.9,201
Iran (Islamic Republic of),IRN,1992,279.2,194.2
Iran (Islamic Republic of),IRN,1993,273.6,187.7
Iran (Islamic Republic of),IRN,1994,268.1,181.3
Iran (Islamic Republic of),IRN,1995,262.7,175.2
Iran (Islamic Republic of),IRN,1996,257.4,169.3
Iran (Islamic Republic of),IRN,1997,252.1,163.6
Iran (Islamic Republic of),IRN,1998,247,158.1
Iran (Islamic Republic of),IRN,1999,241.8,152.7
Iran (Islamic Republic of),IRN,2000,236.7,147.5
Iran (Islamic Republic of),IRN,2001,223.5,139.4
Iran (Islamic Republic of),IRN,2002,210.9,131.7
Iran (Islamic Republic of),IRN,2003,198.9,124.4
Iran (Islamic Republic of),IRN,2004,187.5,117.5
Iran (Islamic Republic of),IRN,2005,176.4,110.8
Iran (Islamic Republic of),IRN,2006,165.9,104.5
Iran (Islamic Republic of),IRN,2007,155.9,98.5
Iran (Islamic Republic of),IRN,2008,146.5,92.8
Kenya,KEN,1990,277.4,220
Kenya,KEN,1991,279.2,221.7
Kenya,KEN,1992,281,223.2
Kenya,KEN,1993,282.7,224.7
Kenya,KEN,1994,284.2,226
Kenya,KEN,1995,285.8,227.5
Kenya,KEN,1996,287.4,229.3
Kenya,KEN,1997,289,231.2
Kenya,KEN,1998,290.7,233.4
Kenya,KEN,1999,292.4,235.7
Kenya,KEN,2000,294,238
Kenya,KEN,2001,295.4,240.1
Kenya,KEN,2002,296.9,242.3
Kenya,KEN,2003,298.4,244.5
Kenya,KEN,2004,299.9,246.9
Kenya,KEN,2005,301.4,249.2
Kenya,KEN,2006,303.1,251.9
Kenya,KEN,2007,304.7,254.3
Kenya,KEN,2008,306.2,256.2
Lao People's Democratic Republic,LAO,1990,386,353.6
Lao People's Democratic Republic,LAO,1991,381.6,349.2
Lao People's Democratic Republic,LAO,1992,377.2,344.9
Lao People's Democratic Republic,LAO,1993,372.9,340.6
Lao People's Democratic Republic,LAO,1994,368.6,336.3
Lao People's Democratic Republic,LAO,1995,364.4,332.1
Lao People's Democratic Republic,LAO,1996,360.2,328
Lao People's Democratic Republic,LAO,1997,356,323.9
Lao People's Democratic Republic,LAO,1998,351.9,319.9
Lao People's Democratic Republic,LAO,1999,347.8,315.9
Lao People's Democratic Republic,LAO,2000,343.8,312
Lao People's Democratic Republic,LAO,2001,340.1,308.9
Lao People's Democratic Republic,LAO,2002,336.6,305.8
Lao People's Democratic Republic,LAO,2003,332.9,302.7
Lao People's Democratic Republic,LAO,2004,329.7,299.7
Lao People's Democratic Republic,LAO,2005,325.9,296.7
Lao People's Democratic Republic,LAO,2006,323.4,293.9
Lao People's Democratic Republic,LAO,2007,319.2,290.7
Lao People's Democratic Republic,LAO,2008,316,287.9
Lebanon,LBN,1990,238.9,187.6
Lebanon,LBN,1991,234.2,182.3
Lebanon,LBN,1992,230,177.1
Lebanon,LBN,1993,225.6,172.1
Lebanon,LBN,1994,221.4,167.2
Lebanon,LBN,1995,217.2,162.5
Lebanon,LBN,1996,213,157.8
Lebanon,LBN,1997,208.9,153.4
Lebanon,LBN,1998,204.9,148.9
Lebanon,LBN,1999,200.9,144.7
Lebanon,LBN,2000,197,140.4
Lebanon,LBN,2001,194.6,139
Lebanon,LBN,2002,192.5,137.6
Lebanon,LBN,2003,190.3,136.1
Lebanon,LBN,2004,190.2,135.2
Lebanon,LBN,2005,186.7,133.4
Lebanon,LBN,2006,185.2,132.1
Lebanon,LBN,2007,182.5,130.6
Lebanon,LBN,2008,180.1,129
Lesotho,LSO,1990,277.7,227.3
Lesotho,LSO,1991,275,223.7
Lesotho,LSO,1992,272.6,220.2
Lesotho,LSO,1993,270.2,216.5
Lesotho,LSO,1994,268.1,212.9
Lesotho,LSO,1995,266.2,209.4
Lesotho,LSO,1996,264.3,205.9
Lesotho,LSO,1997,262.7,202.9
Lesotho,LSO,1998,261.2,200.2
Lesotho,LSO,1999,259.4,197.5
Lesotho,LSO,2000,257.6,195
Lesotho,LSO,2001,255.4,192
Lesotho,LSO,2002,253.2,189
Lesotho,LSO,2003,251,186.1
Lesotho,LSO,2004,248.5,183
Lesotho,LSO,2005,246.6,180.4
Lesotho,LSO,2006,244.2,178.1
Lesotho,LSO,2007,242.3,176.2
Lesotho,LSO,2008,240.4,174.4
Liberia,LBR,1990,434.7,353.2
Liberia,LBR,1991,426.4,350.5
Liberia,LBR,1992,418.3,347.9
Liberia,LBR,1993,410.3,345.3
Liberia,LBR,1994,402.8,342.8
Liberia,LBR,1995,395.4,340.4
Liberia,LBR,1996,388.6,338.1
Liberia,LBR,1997,382.1,336
Liberia,LBR,1998,376.1,334
Liberia,LBR,1999,370.3,332.2
Liberia,LBR,2000,364.6,330.3
Liberia,LBR,2001,359.2,328.5
Liberia,LBR,2002,353.9,326.8
Liberia,LBR,2003,348.7,325.1
Liberia,LBR,2004,343.6,318.5
Liberia,LBR,2005,338.8,312.1
Liberia,LBR,2006,334.1,305.8
Liberia,LBR,2007,329.5,299.7
Liberia,LBR,2008,324.9,293.5
Madagascar,MDG,1990,357.2,329.1
Madagascar,MDG,1991,355.7,328.6
Madagascar,MDG,1992,354.3,328.1
Madagascar,MDG,1993,348.3,326.1
Madagascar,MDG,1994,342.6,321.7
Madagascar,MDG,1995,337.1,314.3
Madagascar,MDG,1996,331.8,307.1
Madagascar,MDG,1997,326.7,300.1
Madagascar,MDG,1998,321.9,293.5
Madagascar,MDG,1999,317.1,287
Madagascar,MDG,2000,312.5,280.8
Madagascar,MDG,2001,308.2,274.9
Madagascar,MDG,2002,304,269.1
Madagascar,MDG,2003,299.9,263.5
Madagascar,MDG,2004,295.9,258.1
Madagascar,MDG,2005,292.1,252.9
Madagascar,MDG,2006,288.5,247.9
Madagascar,MDG,2007,285,243.1
Madagascar,MDG,2008,281.7,238.5
Malawi,MWI,1990,441.2,355.5
Malawi,MWI,1991,428.7,351.3
Malawi,MWI,1992,417.1,347.3
Malawi,MWI,1993,406,343.5
Malawi,MWI,1994,395.6,339.9
Malawi,MWI,1995,385.9,336.5
Malawi,MWI,1996,371.3,331.6
Malawi,MWI,1997,358,327.2
Malawi,MWI,1998,346,317.6
Malawi,MWI,1999,334.5,302.2
Malawi,MWI,2000,324,288.3
Malawi,MWI,2001,314,275
Malawi,MWI,2002,304.8,262.9
Malawi,MWI,2003,296.2,251.6
Malawi,MWI,2004,288.1,240.9
Malawi,MWI,2005,280.8,231.4
Malawi,MWI,2006,273.7,222.4
Malawi,MWI,2007,267.4,214.2
Malawi,MWI,2008,261.5,206.5
Mali,MLI,1990,479.5,373
Mali,MLI,1991,473.7,371
Mali,MLI,1992,468,369.1
Mali,MLI,1993,462.4,367.1
Mali,MLI,1994,457,365.3
Mali,MLI,1995,451.1,363.2
Mali,MLI,1996,445.3,361.3
Mali,MLI,1997,439.6,359.3
Mali,MLI,1998,434.1,357.4
Mali,MLI,1999,428.8,355.5
Mali,MLI,2000,423.7,353.8
Mali,MLI,2001,418.8,352.1
Mali,MLI,2002,414.2,350.5
Mali,MLI,2003,409.7,349
Mali,MLI,2004,405.4,347.5
Mali,MLI,2005,401.3,346.1
Mali,MLI,2006,398.1,345
Mali,MLI,2007,393.5,343.4
Mali,MLI,2008,389.7,342.1
Mauritania,MRT,1990,309.6,274.1
Mauritania,MRT,1991,308.8,272.9
Mauritania,MRT,1992,307.9,271.8
Mauritania,MRT,1993,307.1,270.6
Mauritania,MRT,1994,306.2,269.4
Mauritania,MRT,1995,305.3,268.3
Mauritania,MRT,1996,304.4,267.1
Mauritania,MRT,1997,303.5,265.9
Mauritania,MRT,1998,302.6,264.6
Mauritania,MRT,1999,301.6,263.3
Mauritania,MRT,2000,300.8,262.1
Mauritania,MRT,2001,300.1,261.1
Mauritania,MRT,2002,299.3,260.1
Mauritania,MRT,2003,298.5,259
Mauritania,MRT,2004,297.9,258.2
Mauritania,MRT,2005,297.2,257.2
Mauritania,MRT,2006,296.6,256.4
Mauritania,MRT,2007,295.9,255.5
Mauritania,MRT,2008,295.3,254.7
Mozambique,MOZ,1990,467.3,375
Mozambique,MOZ,1991,468.4,375.4
Mozambique,MOZ,1992,469.9,375.9
Mozambique,MOZ,1993,454.4,370.2
Mozambique,MOZ,1994,436.3,363.6
Mozambique,MOZ,1995,419.5,357.3
Mozambique,MOZ,1996,404.1,351.6
Mozambique,MOZ,1997,389.7,346.3
Mozambique,MOZ,1998,376.3,341.4
Mozambique,MOZ,1999,363.9,336.8
Mozambique,MOZ,2000,352.4,332.5
Mozambique,MOZ,2001,342,328.6
Mozambique,MOZ,2002,332.4,325.1
Mozambique,MOZ,2003,323.3,311.8
Mozambique,MOZ,2004,314.9,299.3
Mozambique,MOZ,2005,307,287.5
Mozambique,MOZ,2006,299.4,276.1
Mozambique,MOZ,2007,292.2,265.4
Mozambique,MOZ,2008,285.5,255.3
Myanmar,MMR,1990,306.6,246.7
Myanmar,MMR,1991,304.7,244.5
Myanmar,MMR,1992,302.9,242.4
Myanmar,MMR,1993,301.2,240.4
Myanmar,MMR,1994,299.3,238.1
Myanmar,MMR,1995,297.5,236.1
Myanmar,MMR,1996,295.9,234.2
Myanmar,MMR,1997,294.2,232.1
Myanmar,MMR,1998,292.5,230.1
Myanmar,MMR,1999,290.9,228.3
Myanmar,MMR,2000,289.4,226.5
Myanmar,MMR,2001,287.8,224.6
Myanmar,MMR,2002,286.3,222.9
Myanmar,MMR,2003,285,221.4
Myanmar,MMR,2004,283.5,219.7
Myanmar,MMR,2005,282.2,218.1
Myanmar,MMR,2006,280.9,216.7
Myanmar,MMR,2007,279.5,215
Myanmar,MMR,2008,278.2,213.6
Namibia,NAM,1990,250,170.4
Namibia,NAM,1991,247.4,167
Namibia,NAM,1992,244.9,163.5
Namibia,NAM,1993,242.7,160
Namibia,NAM,1994,240.7,156.4
Namibia,NAM,1995,238.9,152.8
Namibia,NAM,1996,237.3,149.3
Namibia,NAM,1997,235.6,145.4
Namibia,NAM,1998,234,141.6
Namibia,NAM,1999,232.3,138
Namibia,NAM,2000,230.6,134.7
Namibia,NAM,2001,228.9,132
Namibia,NAM,2002,227.3,129.8
Namibia,NAM,2003,225.6,128.2
Namibia,NAM,2004,222.9,128.1
Namibia,NAM,2005,220.6,127.5
Namibia,NAM,2006,217.5,128.2
Namibia,NAM,2007,215.7,127
Namibia,NAM,2008,211.1,118.6
Nepal,NPL,1990,351.8,349.9
Nepal,NPL,1991,346.6,344.1
Nepal,NPL,1992,341.4,338.4
Nepal,NPL,1993,336.2,332.8
Nepal,NPL,1994,330.9,327.3
Nepal,NPL,1995,325.5,321.8
Nepal,NPL,1996,319.9,316.4
Nepal,NPL,1997,314.1,311
Nepal,NPL,1998,308.1,305.6
Nepal,NPL,1999,301.9,300.3
Nepal,NPL,2000,295.5,295
Nepal,NPL,2001,290.6,291.6
Nepal,NPL,2002,285.6,288.3
Nepal,NPL,2003,280.8,284.9
Nepal,NPL,2004,276.3,281.6
Nepal,NPL,2005,272.2,278.3
Nepal,NPL,2006,268.7,275.2
Nepal,NPL,2007,265.9,272.3
Nepal,NPL,2008,262.9,269.3
Niger,NER,1990,571.9,412.4
Niger,NER,1991,564.7,409.7
Niger,NER,1992,550.8,404.7
Niger,NER,1993,537.6,399.9
Niger,NER,1994,525.1,395.4
Niger,NER,1995,513,391
Niger,NER,1996,496.8,385
Niger,NER,1997,479.7,378.8
Niger,NER,1998,463.6,372.9
Niger,NER,1999,448.8,367.5
Niger,NER,2000,434.8,362.4
Niger,NER,2001,421.7,357.6
Niger,NER,2002,409.3,353.1
Niger,NER,2003,397.8,348.9
Niger,NER,2004,387.1,344.9
Niger,NER,2005,376.8,341.2
Niger,NER,2006,367.2,337.7
Niger,NER,2007,358.2,334.4
Niger,NER,2008,349.8,331.3
Nigeria,NGA,1990,441.7,363
Nigeria,NGA,1991,441.2,362.8
Nigeria,NGA,1992,440.6,362.6
Nigeria,NGA,1993,439.9,362.3
Nigeria,NGA,1994,439.1,362
Nigeria,NGA,1995,438.3,361.7
Nigeria,NGA,1996,430.4,358.9
Nigeria,NGA,1997,422.7,356.1
Nigeria,NGA,1998,415.2,353.4
Nigeria,NGA,1999,407.9,350.8
Nigeria,NGA,2000,400.8,348.3
Nigeria,NGA,2001,396.8,346.9
Nigeria,NGA,2002,393,345.5
Nigeria,NGA,2003,389.3,344.2
Nigeria,NGA,2004,385.6,342.8
Nigeria,NGA,2005,382.2,341.6
Nigeria,NGA,2006,379.2,340.6
Nigeria,NGA,2007,375.8,339.3
Nigeria,NGA,2008,372.6,338.2
Pakistan,PAK,1990,264.8,235.2
Pakistan,PAK,1991,260.8,232
Pakistan,PAK,1992,256.9,228.8
Pakistan,PAK,1993,253,225.7
Pakistan,PAK,1994,249.2,222.6
Pakistan,PAK,1995,245.4,219.5
Pakistan,PAK,1996,241.7,216.5
Pakistan,PAK,1997,237.9,213.5
Pakistan,PAK,1998,234.3,210.5
Pakistan,PAK,1999,230.6,207.6
Pakistan,PAK,2000,227,204.7
Pakistan,PAK,2001,224.5,202.7
Pakistan,PAK,2002,222,200.6
Pakistan,PAK,2003,219.5,198.5
Pakistan,PAK,2004,216.9,196.5
Pakistan,PAK,2005,214.4,194.5
Pakistan,PAK,2006,211.9,192.5
Pakistan,PAK,2007,209.5,190.5
Pakistan,PAK,2008,207.1,188.5
Papua New Guinea,PNG,1990,346.5,277.6
Papua New Guinea,PNG,1991,342.7,274.9
Papua New Guinea,PNG,1992,338.9,272.2
Papua New Guinea,PNG,1993,335.1,269.6
Papua New Guinea,PNG,1994,331.2,266.9
Papua New Guinea,PNG,1995,327.3,264.2
Papua New Guinea,PNG,1996,323.4,261.6
Papua New Guinea,PNG,1997,319.5,258.9
Papua New Guinea,PNG,1998,315.6,256.3
Papua New Guinea,PNG,1999,311.6,253.5
Papua New Guinea,PNG,2000,307.6,250.8
Papua New Guinea,PNG,2001,304.6,248.4
Papua New Guinea,PNG,2002,301.3,246
Papua New Guinea,PNG,2003,297.8,243.3
Papua New Guinea,PNG,2004,294.1,240.7
Papua New Guinea,PNG,2005,290.6,238
Papua New Guinea,PNG,2006,288.1,235.7
Papua New Guinea,PNG,2007,285.7,233.5
Papua New Guinea,PNG,2008,281.4,230.5
Rwanda,RWA,1990,358.5,316.8
Rwanda,RWA,1991,367.2,325.5
Rwanda,RWA,1992,380.9,329.4
Rwanda,RWA,1993,395,333.5
Rwanda,RWA,1994,410.5,337.9
Rwanda,RWA,1995,429.1,343.3
Rwanda,RWA,1996,451.7,349.9
Rwanda,RWA,1997,432.6,344.6
Rwanda,RWA,1998,414.9,339.7
Rwanda,RWA,1999,398.5,335.1
Rwanda,RWA,2000,382.7,330.5
Rwanda,RWA,2001,367.9,326.2
Rwanda,RWA,2002,354.3,313.6
Rwanda,RWA,2003,341.6,298.4
Rwanda,RWA,2004,330.1,284.6
Rwanda,RWA,2005,319.5,272
Rwanda,RWA,2006,309.9,260.5
Rwanda,RWA,2007,301.1,250
Rwanda,RWA,2008,293,240
Senegal,SEN,1990,335.9,306.8
Senegal,SEN,1991,335.3,305.9
Senegal,SEN,1992,336.3,307.3
Senegal,SEN,1993,337.4,308.8
Senegal,SEN,1994,338.4,310.1
Senegal,SEN,1995,334.3,304.7
Senegal,SEN,1996,329.7,298.6
Senegal,SEN,1997,325.3,292.7
Senegal,SEN,1998,320.9,286.9
Senegal,SEN,1999,316.6,281.2
Senegal,SEN,2000,312.5,275.8
Senegal,SEN,2001,308.6,270.6
Senegal,SEN,2002,304.8,265.5
Senegal,SEN,2003,301.1,260.5
Senegal,SEN,2004,297.5,255.8
Senegal,SEN,2005,294,251.2
Senegal,SEN,2006,290.7,246.6
Senegal,SEN,2007,287.2,242
Senegal,SEN,2008,284,237.7
Sierra Leone,SLE,1990,544.9,385
Sierra Leone,SLE,1991,557.1,388.7
Sierra Leone,SLE,1992,563.1,390.5
Sierra Leone,SLE,1993,562.7,390.3
Sierra Leone,SLE,1994,562.4,390.2
Sierra Leone,SLE,1995,560.1,389.5
Sierra Leone,SLE,1996,549.6,386.3
Sierra Leone,SLE,1997,539.7,383.3
Sierra Leone,SLE,1998,525.3,378.9
Sierra Leone,SLE,1999,508.6,373.8
Sierra Leone,SLE,2000,492.9,368.9
Sierra Leone,SLE,2001,478,364.3
Sierra Leone,SLE,2002,464.1,360
Sierra Leone,SLE,2003,450.9,355.9
Sierra Leone,SLE,2004,438.5,352
Sierra Leone,SLE,2005,426.8,348.3
Sierra Leone,SLE,2006,415.8,344.9
Sierra Leone,SLE,2007,405.6,341.7
Sierra Leone,SLE,2008,396.3,338.8
Somalia,SOM,1990,388,351.4
Somalia,SOM,1991,388,351.4
Somalia,SOM,1992,388,351.3
Somalia,SOM,1993,388,351.3
Somalia,SOM,1994,388,351.3
Somalia,SOM,1995,387.9,351.3
Somalia,SOM,1996,387.9,351.3
Somalia,SOM,1997,387.8,351.3
Somalia,SOM,1998,387.7,351.2
Somalia,SOM,1999,387.7,351.2
Somalia,SOM,2000,387.6,351.2
Somalia,SOM,2001,387.6,351.2
Somalia,SOM,2002,387.6,351.2
Somalia,SOM,2003,387.5,351.2
Somalia,SOM,2004,387.5,351.2
Somalia,SOM,2005,387.5,351.2
Somalia,SOM,2006,387.5,351.2
Somalia,SOM,2007,387.5,351.2
Somalia,SOM,2008,387.5,351.2
South Africa,ZAF,1990,337.1,188.5
South Africa,ZAF,1991,353.9,198.7
South Africa,ZAF,1992,328.6,189.5
South Africa,ZAF,1993,364.5,199.9
South Africa,ZAF,1994,393.3,215.7
South Africa,ZAF,1995,375.6,205.4
South Africa,ZAF,1996,404.8,229.9
South Africa,ZAF,1997,396.2,230.1
South Africa,ZAF,1998,406,241.3
South Africa,ZAF,1999,381,226.8
South Africa,ZAF,2000,371.6,231.5
South Africa,ZAF,2001,400.1,232.3
South Africa,ZAF,2002,401.1,242.8
South Africa,ZAF,2003,409.4,245.7
South Africa,ZAF,2004,388.6,235.9
South Africa,ZAF,2005,364.1,198.6
South Africa,ZAF,2006,384.7,215.3
South Africa,ZAF,2007,382.4,223
South Africa,ZAF,2008,383.1,222.1
Sudan,SDN,1990,286.8,288
Sudan,SDN,1991,284.4,283.9
Sudan,SDN,1992,283.1,281.7
Sudan,SDN,1993,282.1,279.8
Sudan,SDN,1994,281.1,278.1
Sudan,SDN,1995,280.2,276.5
Sudan,SDN,1996,279.5,275.2
Sudan,SDN,1997,278.6,273.7
Sudan,SDN,1998,277.8,272.1
Sudan,SDN,1999,277,270.8
Sudan,SDN,2000,276.2,269.2
Sudan,SDN,2001,275.3,267.7
Sudan,SDN,2002,274.5,266.3
Sudan,SDN,2003,273.7,264.9
Sudan,SDN,2004,272.9,263.4
Sudan,SDN,2005,272.2,262.1
Sudan,SDN,2006,271.5,260.9
Sudan,SDN,2007,270.7,259.5
Sudan,SDN,2008,270.1,258.4
Swaziland,SWZ,1990,253.8,204.4
Swaziland,SWZ,1991,250.7,199.9
Swaziland,SWZ,1992,247.8,195.4
Swaziland,SWZ,1993,245.2,191.2
Swaziland,SWZ,1994,242.6,186.8
Swaziland,SWZ,1995,240.3,182.6
Swaziland,SWZ,1996,238.3,178.8
Swaziland,SWZ,1997,236.4,175.2
Swaziland,SWZ,1998,234.6,171.6
Swaziland,SWZ,1999,233.1,168.5
Swaziland,SWZ,2000,231,165
Swaziland,SWZ,2001,229.1,161.6
Swaziland,SWZ,2002,227.6,159.1
Swaziland,SWZ,2003,225.9,156.3
Swaziland,SWZ,2004,223.9,153.5
Swaziland,SWZ,2005,220.9,150.4
Swaziland,SWZ,2006,219.2,147.7
Swaziland,SWZ,2007,217.6,145.2
Swaziland,SWZ,2008,215.7,142.3
Togo,TGO,1990,351.2,284.5
Togo,TGO,1991,347.9,280.8
Togo,TGO,1992,344.5,276.8
Togo,TGO,1993,340.7,272.4
Togo,TGO,1994,337,268
Togo,TGO,1995,331.4,261.7
Togo,TGO,1996,325.2,254.8
Togo,TGO,1997,319.5,248.5
Togo,TGO,1998,314.1,242.6
Togo,TGO,1999,309.2,237.3
Togo,TGO,2000,304.6,232.3
Togo,TGO,2001,300.3,227.7
Togo,TGO,2002,296.1,223.1
Togo,TGO,2003,292,218.7
Togo,TGO,2004,288.7,215.3
Togo,TGO,2005,285.2,211.5
Togo,TGO,2006,281.8,208
Togo,TGO,2007,278.5,204.4
Togo,TGO,2008,275.9,201.9
Uganda,UGA,1990,368.5,313.6
Uganda,UGA,1991,365.8,310.2
Uganda,UGA,1992,363,307
Uganda,UGA,1993,359.9,303.8
Uganda,UGA,1994,356.6,300.4
Uganda,UGA,1995,353.3,297.1
Uganda,UGA,1996,350,293.8
Uganda,UGA,1997,346.8,290.5
Uganda,UGA,1998,343.7,287.4
Uganda,UGA,1999,340.5,284.3
Uganda,UGA,2000,337.6,281.3
Uganda,UGA,2001,335.1,278.8
Uganda,UGA,2002,332.4,276
Uganda,UGA,2003,329.8,273.4
Uganda,UGA,2004,327.2,271
Uganda,UGA,2005,324.8,268.6
Uganda,UGA,2006,322.4,266.2
Uganda,UGA,2007,319.9,263.7
Uganda,UGA,2008,317.5,261.3
United Republic of Tanzania,TZA,1990,390.3,331.2
United Republic of Tanzania,TZA,1991,390.3,331.2
United Republic of Tanzania,TZA,1992,390.3,331.2
United Republic of Tanzania,TZA,1993,390.3,331.2
United Republic of Tanzania,TZA,1994,390.3,331.2
United Republic of Tanzania,TZA,1995,390.3,331.2
United Republic of Tanzania,TZA,1996,390.3,331.2
United Republic of Tanzania,TZA,1997,390.3,331.2
United Republic of Tanzania,TZA,1998,390.3,331.2
United Republic of Tanzania,TZA,1999,390.3,331.2
United Republic of Tanzania,TZA,2000,390.3,331.2
United Republic of Tanzania,TZA,2001,386.4,327.9
United Republic of Tanzania,TZA,2002,382.5,324.6
United Republic of Tanzania,TZA,2003,382.5,324.6
United Republic of Tanzania,TZA,2004,382.5,324.6
United Republic of Tanzania,TZA,2005,382.5,324.6
United Republic of Tanzania,TZA,2006,382.5,324.6
United Republic of Tanzania,TZA,2007,382.5,324.6
United Republic of Tanzania,TZA,2008,382.5,324.6
Viet Nam,VNM,1990,235.4,167.8
Viet Nam,VNM,1991,231.9,164.2
Viet Nam,VNM,1992,228.3,160.8
Viet Nam,VNM,1993,224.8,157.3
Viet Nam,VNM,1994,221.3,154
Viet Nam,VNM,1995,217.7,150.7
Viet Nam,VNM,1996,214.1,147.4
Viet Nam,VNM,1997,210.4,144.2
Viet Nam,VNM,1998,206.6,141
Viet Nam,VNM,1999,202.4,137.7
Viet Nam,VNM,2000,197.8,134.4
Viet Nam,VNM,2001,194.5,130.3
Viet Nam,VNM,2002,191.6,126.4
Viet Nam,VNM,2003,187.5,122.2
Viet Nam,VNM,2004,182.6,117.7
Viet Nam,VNM,2005,177.6,113.3
Viet Nam,VNM,2006,174.9,109.6
Viet Nam,VNM,2007,172.6,106.1
Viet Nam,VNM,2008,170.3,102.6
Zambia,ZMB,1990,359.2,309
Zambia,ZMB,1991,358.4,306.1
Zambia,ZMB,1992,357,302.7
Zambia,ZMB,1993,355.3,299.3
Zambia,ZMB,1994,353.1,296
Zambia,ZMB,1995,350.5,292.7
Zambia,ZMB,1996,347.9,289.7
Zambia,ZMB,1997,345,286.5
Zambia,ZMB,1998,342.5,283.9
Zambia,ZMB,1999,340.6,282
Zambia,ZMB,2000,338.6,279.8
Zambia,ZMB,2001,336.6,277.7
Zambia,ZMB,2002,334.4,275.4
Zambia,ZMB,2003,332.3,273
Zambia,ZMB,2004,330,271
Zambia,ZMB,2005,328.1,269.4
Zambia,ZMB,2006,326,267.7
Zambia,ZMB,2007,324.2,266.4
Zambia,ZMB,2008,322.3,264.8
Zimbabwe,ZWE,1990,232,167.3
Zimbabwe,ZWE,1991,226.3,157.9
Zimbabwe,ZWE,1992,224,153.5
Zimbabwe,ZWE,1993,222,149.6
Zimbabwe,ZWE,1994,220.1,145.9
Zimbabwe,ZWE,1995,218.2,142.2
Zimbabwe,ZWE,1996,216.1,138.3
Zimbabwe,ZWE,1997,218.2,141.6
Zimbabwe,ZWE,1998,220.4,144.9
Zimbabwe,ZWE,1999,222.5,148.4
Zimbabwe,ZWE,2000,224.7,152.1
Zimbabwe,ZWE,2001,227.2,156.2
Zimbabwe,ZWE,2002,229.8,160.5
Zimbabwe,ZWE,2003,232.6,165.3
Zimbabwe,ZWE,2004,235.6,170.3
Zimbabwe,ZWE,2005,238.7,175.5
Zimbabwe,ZWE,2006,241.9,180.8
Zimbabwe,ZWE,2007,245.4,186.5
Zimbabwe,ZWE,2008,249,192.3
